model,reduction_method,accuracy,f1_score,tn,fp,fn,tp,auroc
random_forest,jl,0.7588522986631888,0.5897189349112425,53876,6585,15603,15946,0.8232879259943332
random_forest,jl,0.7559078346737882,0.5797984657739287,37839,4483,11238,10846,0.8180285583360305
random_forest,jl,0.7548527333985436,0.5717974029918749,27197,3033,8245,7530,0.8142011865712055
